-- phpMyAdmin SQL Dump
-- version 4.8.5
-- https://www.phpmyadmin.net/
--
-- Host: 127.0.0.1
-- Generation Time: May 04, 2020 at 03:39 PM
-- Server version: 10.1.40-MariaDB
-- PHP Version: 7.1.29

SET SQL_MODE = "NO_AUTO_VALUE_ON_ZERO";
SET AUTOCOMMIT = 0;
START TRANSACTION;
SET time_zone = "+00:00";


/*!40101 SET @OLD_CHARACTER_SET_CLIENT=@@CHARACTER_SET_CLIENT */;
/*!40101 SET @OLD_CHARACTER_SET_RESULTS=@@CHARACTER_SET_RESULTS */;
/*!40101 SET @OLD_COLLATION_CONNECTION=@@COLLATION_CONNECTION */;
/*!40101 SET NAMES utf8mb4 */;

--
-- Database: `zenobackend`
--

-- --------------------------------------------------------

--
-- Table structure for table `auth_group`
--

CREATE TABLE `auth_group` (
  `id` int(11) NOT NULL,
  `name` varchar(80) NOT NULL
) ENGINE=InnoDB DEFAULT CHARSET=latin1;

-- --------------------------------------------------------

--
-- Table structure for table `auth_group_permissions`
--

CREATE TABLE `auth_group_permissions` (
  `id` int(11) NOT NULL,
  `group_id` int(11) NOT NULL,
  `permission_id` int(11) NOT NULL
) ENGINE=InnoDB DEFAULT CHARSET=latin1;

-- --------------------------------------------------------

--
-- Table structure for table `auth_permission`
--

CREATE TABLE `auth_permission` (
  `id` int(11) NOT NULL,
  `name` varchar(255) NOT NULL,
  `content_type_id` int(11) NOT NULL,
  `codename` varchar(100) NOT NULL
) ENGINE=InnoDB DEFAULT CHARSET=latin1;

--
-- Dumping data for table `auth_permission`
--

INSERT INTO `auth_permission` (`id`, `name`, `content_type_id`, `codename`) VALUES
(1, 'Can add log entry', 1, 'add_logentry'),
(2, 'Can change log entry', 1, 'change_logentry'),
(3, 'Can delete log entry', 1, 'delete_logentry'),
(4, 'Can add permission', 2, 'add_permission'),
(5, 'Can change permission', 2, 'change_permission'),
(6, 'Can delete permission', 2, 'delete_permission'),
(7, 'Can add group', 3, 'add_group'),
(8, 'Can change group', 3, 'change_group'),
(9, 'Can delete group', 3, 'delete_group'),
(10, 'Can add user', 4, 'add_user'),
(11, 'Can change user', 4, 'change_user'),
(12, 'Can delete user', 4, 'delete_user'),
(13, 'Can add content type', 5, 'add_contenttype'),
(14, 'Can change content type', 5, 'change_contenttype'),
(15, 'Can delete content type', 5, 'delete_contenttype'),
(16, 'Can add session', 6, 'add_session'),
(17, 'Can change session', 6, 'change_session'),
(18, 'Can delete session', 6, 'delete_session'),
(19, 'Can add cors model', 7, 'add_corsmodel'),
(20, 'Can change cors model', 7, 'change_corsmodel'),
(21, 'Can delete cors model', 7, 'delete_corsmodel'),
(22, 'Can add zeno item', 8, 'add_zenoitem'),
(23, 'Can change zeno item', 8, 'change_zenoitem'),
(24, 'Can delete zeno item', 8, 'delete_zenoitem');

-- --------------------------------------------------------

--
-- Table structure for table `auth_user`
--

CREATE TABLE `auth_user` (
  `id` int(11) NOT NULL,
  `password` varchar(128) NOT NULL,
  `last_login` datetime DEFAULT NULL,
  `is_superuser` tinyint(1) NOT NULL,
  `username` varchar(30) NOT NULL,
  `first_name` varchar(30) NOT NULL,
  `last_name` varchar(30) NOT NULL,
  `email` varchar(254) NOT NULL,
  `is_staff` tinyint(1) NOT NULL,
  `is_active` tinyint(1) NOT NULL,
  `date_joined` datetime NOT NULL
) ENGINE=InnoDB DEFAULT CHARSET=latin1;

-- --------------------------------------------------------

--
-- Table structure for table `auth_user_groups`
--

CREATE TABLE `auth_user_groups` (
  `id` int(11) NOT NULL,
  `user_id` int(11) NOT NULL,
  `group_id` int(11) NOT NULL
) ENGINE=InnoDB DEFAULT CHARSET=latin1;

-- --------------------------------------------------------

--
-- Table structure for table `auth_user_user_permissions`
--

CREATE TABLE `auth_user_user_permissions` (
  `id` int(11) NOT NULL,
  `user_id` int(11) NOT NULL,
  `permission_id` int(11) NOT NULL
) ENGINE=InnoDB DEFAULT CHARSET=latin1;

-- --------------------------------------------------------

--
-- Table structure for table `django_admin_log`
--

CREATE TABLE `django_admin_log` (
  `id` int(11) NOT NULL,
  `action_time` datetime NOT NULL,
  `object_id` longtext,
  `object_repr` varchar(200) NOT NULL,
  `action_flag` smallint(5) UNSIGNED NOT NULL,
  `change_message` longtext NOT NULL,
  `content_type_id` int(11) DEFAULT NULL,
  `user_id` int(11) NOT NULL
) ENGINE=InnoDB DEFAULT CHARSET=latin1;

-- --------------------------------------------------------

--
-- Table structure for table `django_content_type`
--

CREATE TABLE `django_content_type` (
  `id` int(11) NOT NULL,
  `app_label` varchar(100) NOT NULL,
  `model` varchar(100) NOT NULL
) ENGINE=InnoDB DEFAULT CHARSET=latin1;

--
-- Dumping data for table `django_content_type`
--

INSERT INTO `django_content_type` (`id`, `app_label`, `model`) VALUES
(1, 'admin', 'logentry'),
(3, 'auth', 'group'),
(2, 'auth', 'permission'),
(4, 'auth', 'user'),
(5, 'contenttypes', 'contenttype'),
(7, 'corsheaders', 'corsmodel'),
(6, 'sessions', 'session'),
(8, 'zeno', 'zenoitem');

-- --------------------------------------------------------

--
-- Table structure for table `django_migrations`
--

CREATE TABLE `django_migrations` (
  `id` int(11) NOT NULL,
  `app` varchar(255) NOT NULL,
  `name` varchar(255) NOT NULL,
  `applied` datetime NOT NULL
) ENGINE=InnoDB DEFAULT CHARSET=latin1;

--
-- Dumping data for table `django_migrations`
--

INSERT INTO `django_migrations` (`id`, `app`, `name`, `applied`) VALUES
(1, 'contenttypes', '0001_initial', '2020-05-01 01:33:22'),
(2, 'auth', '0001_initial', '2020-05-01 01:33:25'),
(3, 'admin', '0001_initial', '2020-05-01 01:33:26'),
(4, 'admin', '0002_logentry_remove_auto_add', '2020-05-01 01:33:26'),
(5, 'contenttypes', '0002_remove_content_type_name', '2020-05-01 01:33:27'),
(6, 'auth', '0002_alter_permission_name_max_length', '2020-05-01 01:33:27'),
(7, 'auth', '0003_alter_user_email_max_length', '2020-05-01 01:33:28'),
(8, 'auth', '0004_alter_user_username_opts', '2020-05-01 01:33:28'),
(9, 'auth', '0005_alter_user_last_login_null', '2020-05-01 01:33:28'),
(10, 'auth', '0006_require_contenttypes_0002', '2020-05-01 01:33:28'),
(11, 'auth', '0007_alter_validators_add_error_messages', '2020-05-01 01:33:28'),
(12, 'sessions', '0001_initial', '2020-05-01 01:33:28'),
(13, 'zeno', '0001_initial', '2020-05-01 01:33:29'),
(14, 'zeno', '0002_auto_20200430_1851', '2020-05-01 01:33:29'),
(15, 'zeno', '0003_auto_20200430_1934', '2020-05-01 01:33:29'),
(16, 'zeno', '0004_zenoitem_client_url', '2020-05-01 01:33:29'),
(17, 'zeno', '0005_auto_20200430_2136', '2020-05-01 01:33:30');

-- --------------------------------------------------------

--
-- Table structure for table `django_session`
--

CREATE TABLE `django_session` (
  `session_key` varchar(40) NOT NULL,
  `session_data` longtext NOT NULL,
  `expire_date` datetime NOT NULL
) ENGINE=InnoDB DEFAULT CHARSET=latin1;

-- --------------------------------------------------------

--
-- Table structure for table `zeno_zenoitem`
--

CREATE TABLE `zeno_zenoitem` (
  `id` int(11) NOT NULL,
  `timestamp` varchar(100) DEFAULT NULL,
  `temperature` double DEFAULT NULL,
  `duration` varchar(250) DEFAULT NULL,
  `zenoid` int(11),
  `url` varchar(256) DEFAULT NULL
) ENGINE=InnoDB DEFAULT CHARSET=latin1;

--
-- Dumping data for table `zeno_zenoitem`
--

INSERT INTO `zeno_zenoitem` (`id`, `timestamp`, `temperature`, `duration`, `zenoid`, `url`) VALUES
(1, '08:31.4', 1540.247, '0 days 00:27:41.382812755', 37390, 'http://127.0.0.1:7000/zenos/1'),
(2, '08:32.4', 1569.254, '0 days 00:25:17.135974823', 37319, 'http://127.0.0.1:7000/zenos/2'),
(3, '08:33.4', 1529.076761, '0 days 00:34:14.439860088', 37392, 'http://127.0.0.1:7000/zenos/3'),
(4, '08:34.4', 1568.609504, '0 days 00:31:53.481645923', 37393, 'http://127.0.0.1:7000/zenos/4'),
(5, '08:35.4', 1573.78666, '0 days 00:33:13.891946711', 37394, 'http://127.0.0.1:7000/zenos/5'),
(6, '08:36.4', 1565.646436, '0 days 00:31:19.217825034', 37395, 'http://127.0.0.1:7000/zenos/6'),
(7, '08:37.4', 1568.884192, '0 days 00:34:24.178548067', 37396, 'http://127.0.0.1:7000/zenos/7'),
(8, '08:38.4', 1551.325437, '0 days 00:33:42.012587328', 37397, 'http://127.0.0.1:7000/zenos/8'),
(9, '08:39.4', 1551.178858, '0 days 00:31:04.492925681', 37398, 'http://127.0.0.1:7000/zenos/9'),
(10, '08:40.4', 1536.234072, '0 days 00:34:43.311052077', 37399, 'http://127.0.0.1:7000/zenos/10'),
(11, '08:41.4', 1551.256797, '0 days 00:31:01.727978901', 37400, 'http://127.0.0.1:7000/zenos/11'),
(12, '08:42.4', 1571.988751, '0 days 00:25:41.738557164', 37401, 'http://127.0.0.1:7000/zenos/12'),
(13, '08:43.4', 1526.977784, '0 days 00:27:05.992559178', 37402, 'http://127.0.0.1:7000/zenos/13'),
(14, '08:44.4', 1568.640449, '0 days 00:28:35.323348899', 37403, 'http://127.0.0.1:7000/zenos/14'),
(15, '08:45.4', 1563.620548, '0 days 00:30:34.136307498', 37404, 'http://127.0.0.1:7000/zenos/15'),
(16, '08:46.4', 1552.63247, '0 days 00:26:42.045578665', 37405, 'http://127.0.0.1:7000/zenos/16'),
(17, '08:47.4', 1535.196026, '0 days 00:31:18.417440633', 37406, 'http://127.0.0.1:7000/zenos/17'),
(18, '08:48.4', 1526.823995, '0 days 00:34:11.483467015', 37407, 'http://127.0.0.1:7000/zenos/18'),
(19, '08:49.4', 1545.527948, '0 days 00:34:05.603734268', 37408, 'http://127.0.0.1:7000/zenos/19'),
(20, '08:50.4', 1554.156935, '0 days 00:32:16.653362551', 37409, 'http://127.0.0.1:7000/zenos/20'),
(21, '08:51.4', 1540.843531, '0 days 00:33:52.263558850', 37410, 'http://127.0.0.1:7000/zenos/21'),
(22, '08:52.4', 1552.937353, '0 days 00:33:01.224019018', 37411, 'http://127.0.0.1:7000/zenos/22'),
(23, '08:53.4', 1541.880309, '0 days 00:28:46.224524889', 37412, 'http://127.0.0.1:7000/zenos/23'),
(24, '08:54.4', 1548.283956, '0 days 00:28:02.101382409', 37413, 'http://127.0.0.1:7000/zenos/24'),
(25, '08:55.4', 1532.618716, '0 days 00:29:05.223005491', 37414, 'http://127.0.0.1:7000/zenos/25'),
(26, '08:56.4', 1535.238809, '0 days 00:32:33.582523969', 37415, 'http://127.0.0.1:7000/zenos/26'),
(27, '08:57.4', 1566.631669, '0 days 00:26:02.680033206', 37416, 'http://127.0.0.1:7000/zenos/27'),
(28, '08:58.4', 1562.751998, '0 days 00:32:33.828178650', 37417, 'http://127.0.0.1:7000/zenos/28'),
(29, '08:59.4', 1569.040655, '0 days 00:29:37.333390124', 37418, 'http://127.0.0.1:7000/zenos/29'),
(30, '09:00.4', 1539.820334, '0 days 00:32:11.319825020', 37419, 'http://127.0.0.1:7000/zenos/30'),
(31, '09:01.4', 1565.088269, '0 days 00:31:02.506944972', 37420, 'http://127.0.0.1:7000/zenos/31'),
(32, '09:02.4', 1566.891592, '0 days 00:29:39.584208335', 37421, 'http://127.0.0.1:7000/zenos/32'),
(33, '09:03.4', 1569.208546, '0 days 00:32:51.076175873', 37422, 'http://127.0.0.1:7000/zenos/33'),
(34, '09:04.4', 1542.351213, '0 days 00:28:27.465827531', 37423, 'http://127.0.0.1:7000/zenos/34'),
(35, '09:05.4', 1573.246613, '0 days 00:27:47.245062270', 37424, 'http://127.0.0.1:7000/zenos/35'),
(36, '09:06.4', 1546.146573, '0 days 00:33:30.264760119', 37425, 'http://127.0.0.1:7000/zenos/36'),
(37, '09:07.4', 1564.706893, '0 days 00:27:28.088540896', 37426, 'http://127.0.0.1:7000/zenos/37'),
(38, '09:08.4', 1572.759846, '0 days 00:28:15.645645126', 37427, 'http://127.0.0.1:7000/zenos/38'),
(39, '09:09.4', 1562.39119, '0 days 00:31:05.102040155', 37428, 'http://127.0.0.1:7000/zenos/39'),
(40, '09:10.4', 1567.715294, '0 days 00:31:39.577009359', 37429, 'http://127.0.0.1:7000/zenos/40'),
(41, '09:11.4', 1535.777123, '0 days 00:31:13.024924313', 37430, 'http://127.0.0.1:7000/zenos/41'),
(42, '09:12.4', 1566.42245, '0 days 00:33:37.461774299', 37431, 'http://127.0.0.1:7000/zenos/42'),
(43, '09:13.4', 1547.910169, '0 days 00:31:06.294035753', 37432, 'http://127.0.0.1:7000/zenos/43'),
(44, '09:14.4', 1533.543204, '0 days 00:32:39.335246258', 37433, 'http://127.0.0.1:7000/zenos/44'),
(45, '09:15.4', 1572.04954, '0 days 00:30:30.013575796', 37434, 'http://127.0.0.1:7000/zenos/45'),
(46, '09:16.4', 1560.954388, '0 days 00:25:07.120265562', 37435, 'http://127.0.0.1:7000/zenos/46'),
(47, '09:17.4', 1563.327986, '0 days 00:32:57.545602535', 37436, 'http://127.0.0.1:7000/zenos/47'),
(48, '09:18.4', 1537.796767, '0 days 00:32:09.930026945', 37437, 'http://127.0.0.1:7000/zenos/48'),
(49, '09:19.4', 1529.897824, '0 days 00:27:01.426869447', 37438, 'http://127.0.0.1:7000/zenos/49'),
(50, '09:20.4', 1556.836899, '0 days 00:32:59.580898898', 37439, 'http://127.0.0.1:7000/zenos/50'),
(51, '09:21.4', 1556.894118, '0 days 00:32:07.291480357', 37440, 'http://127.0.0.1:7000/zenos/51'),
(52, '09:22.4', 1566.004745, '0 days 00:26:50.419342207', 37441, 'http://127.0.0.1:7000/zenos/52'),
(53, '09:23.4', 1571.440245, '0 days 00:34:57.137553688', 37442, 'http://127.0.0.1:7000/zenos/53'),
(54, '09:24.4', 1529.111924, '0 days 00:26:29.199601237', 37443, 'http://127.0.0.1:7000/zenos/54'),
(55, '09:25.4', 1562.012905, '0 days 00:27:32.396835247', 37444, 'http://127.0.0.1:7000/zenos/55'),
(56, '09:26.4', 1573.590224, '0 days 00:29:31.784843822', 37445, 'http://127.0.0.1:7000/zenos/56'),
(57, '09:27.4', 1574.418339, '0 days 00:30:08.828328417', 37446, 'http://127.0.0.1:7000/zenos/57'),
(58, '09:28.4', 1568.92004, '0 days 00:28:05.414430756', 37447, 'http://127.0.0.1:7000/zenos/58'),
(59, '09:29.4', 1568.935677, '0 days 00:32:46.819881234', 37448, 'http://127.0.0.1:7000/zenos/59'),
(60, '09:30.4', 1574.837803, '0 days 00:34:24.857025975', 37449, 'http://127.0.0.1:7000/zenos/60'),
(61, '09:31.4', 1526.476908, '0 days 00:30:28.174694816', 37450, 'http://127.0.0.1:7000/zenos/61'),
(62, '09:32.4', 1536.700362, '0 days 00:30:16.889278119', 37451, 'http://127.0.0.1:7000/zenos/62'),
(63, '09:33.4', 1531.350698, '0 days 00:30:12.244356064', 37452, 'http://127.0.0.1:7000/zenos/63'),
(64, '09:34.4', 1549.284792, '0 days 00:34:47.354582062', 37453, 'http://127.0.0.1:7000/zenos/64'),
(65, '09:35.4', 1550.877019, '0 days 00:29:55.487756899', 37454, 'http://127.0.0.1:7000/zenos/65'),
(66, '09:36.4', 1528.30624, '0 days 00:32:32.560675713', 37455, 'http://127.0.0.1:7000/zenos/66'),
(67, '09:37.4', 1555.90556, '0 days 00:31:52.356921014', 37456, 'http://127.0.0.1:7000/zenos/67'),
(68, '09:38.4', 1541.252998, '0 days 00:29:29.759865959', 37457, 'http://127.0.0.1:7000/zenos/68'),
(69, '09:39.4', 1554.134816, '0 days 00:32:15.324629469', 37458, 'http://127.0.0.1:7000/zenos/69'),
(70, '09:40.4', 1552.175087, '0 days 00:30:12.254517422', 37459, 'http://127.0.0.1:7000/zenos/70'),
(71, '09:41.4', 1530.491847, '0 days 00:25:02.014060131', 37460, 'http://127.0.0.1:7000/zenos/71'),
(72, '09:42.4', 1549.546204, '0 days 00:29:26.903662629', 37461, 'http://127.0.0.1:7000/zenos/72'),
(73, '09:43.4', 1545.789609, '0 days 00:32:53.865903767', 37462, 'http://127.0.0.1:7000/zenos/73'),
(74, '09:44.4', 1526.406982, '0 days 00:34:55.720844407', 37463, 'http://127.0.0.1:7000/zenos/74'),
(75, '09:45.4', 1544.595684, '0 days 00:30:16.284299819', 37464, 'http://127.0.0.1:7000/zenos/75'),
(76, '09:46.4', 1541.584538, '0 days 00:26:50.273451019', 37465, 'http://127.0.0.1:7000/zenos/76'),
(77, '09:47.4', 1569.856428, '0 days 00:25:20.863522287', 37466, 'http://127.0.0.1:7000/zenos/77'),
(78, '09:48.4', 1526.460346, '0 days 00:26:05.403329186', 37467, 'http://127.0.0.1:7000/zenos/78'),
(79, '09:49.4', 1558.509916, '0 days 00:27:24.675232204', 37468, 'http://127.0.0.1:7000/zenos/79'),
(80, '09:50.4', 1551.861534, '0 days 00:26:10.413552761', 37469, 'http://127.0.0.1:7000/zenos/80'),
(81, '09:51.4', 1564.625748, '0 days 00:28:41.273748545', 37470, 'http://127.0.0.1:7000/zenos/81'),
(82, '09:52.4', 1556.457802, '0 days 00:28:42.217102397', 37471, 'http://127.0.0.1:7000/zenos/82'),
(83, '09:53.4', 1548.56249, '0 days 00:25:31.563744759', 37472, 'http://127.0.0.1:7000/zenos/83'),
(84, '09:54.4', 1541.834761, '0 days 00:33:43.154612112', 37473, 'http://127.0.0.1:7000/zenos/84'),
(85, '09:55.4', 1555.156164, '0 days 00:27:31.851721562', 37474, 'http://127.0.0.1:7000/zenos/85'),
(86, '09:56.4', 1573.722112, '0 days 00:26:44.513414195', 37475, 'http://127.0.0.1:7000/zenos/86'),
(87, '09:57.4', 1540.571414, '0 days 00:30:34.066393876', 37476, 'http://127.0.0.1:7000/zenos/87'),
(88, '09:58.4', 1532.545975, '0 days 00:27:17.744286731', 37477, 'http://127.0.0.1:7000/zenos/88'),
(89, '09:59.4', 1554.266882, '0 days 00:32:27.977419753', 37478, 'http://127.0.0.1:7000/zenos/89'),
(90, '10:00.4', 1572.273194, '0 days 00:33:33.032898131', 37479, 'http://127.0.0.1:7000/zenos/90'),
(91, '10:01.4', 1566.310579, '0 days 00:32:27.307041848', 37480, 'http://127.0.0.1:7000/zenos/91'),
(92, '10:02.4', 1561.346402, '0 days 00:34:54.338769671', 37481, 'http://127.0.0.1:7000/zenos/92'),
(93, '10:03.4', 1532.3883, '0 days 00:28:36.174049128', 37482, 'http://127.0.0.1:7000/zenos/93'),
(94, '10:04.4', 1552.050632, '0 days 00:32:45.780117131', 37483, 'http://127.0.0.1:7000/zenos/94'),
(95, '10:05.4', 1528.813249, '0 days 00:26:50.596656104', 37484, 'http://127.0.0.1:7000/zenos/95'),
(96, '10:06.4', 1538.886917, '0 days 00:34:05.616567313', 37485, 'http://127.0.0.1:7000/zenos/96'),
(97, '10:07.4', 1529.874896, '0 days 00:27:13.572287099', 37486, 'http://127.0.0.1:7000/zenos/97'),
(98, '10:08.4', 1554.401713, '0 days 00:30:10.279079572', 37487, 'http://127.0.0.1:7000/zenos/98'),
(99, '10:09.4', 1534.457878, '0 days 00:33:14.282177278', 37488, 'http://127.0.0.1:7000/zenos/99'),
(100, '10:10.4', 1544.440073, '0 days 00:29:50.021527314', 37489, 'http://127.0.0.1:7000/zenos/100'),
(101, '10:11.4', 1549.956752, '0 days 00:33:44.537501321', 37490, 'http://127.0.0.1:7000/zenos/101'),
(102, '10:12.4', 1559.383076, '0 days 00:26:06.864122481', 37491, 'http://127.0.0.1:7000/zenos/102'),
(103, '10:13.4', 1573.941076, '0 days 00:33:55.073994766', 37492, 'http://127.0.0.1:7000/zenos/103'),
(104, '10:14.4', 1568.700028, '0 days 00:33:32.661858992', 37493, 'http://127.0.0.1:7000/zenos/104'),
(105, '10:15.4', 1567.858283, '0 days 00:32:33.834503499', 37494, 'http://127.0.0.1:7000/zenos/105'),
(106, '10:16.4', 1548.910583, '0 days 00:27:47.228130030', 37495, 'http://127.0.0.1:7000/zenos/106'),
(107, '10:17.4', 1529.01745, '0 days 00:27:17.799281448', 37496, 'http://127.0.0.1:7000/zenos/107'),
(108, '10:18.4', 1541.555641, '0 days 00:32:06.202515507', 37497, 'http://127.0.0.1:7000/zenos/108'),
(109, '10:19.4', 1535.333489, '0 days 00:34:05.742503387', 37498, 'http://127.0.0.1:7000/zenos/109'),
(110, '10:20.4', 1546.037752, '0 days 00:25:46.137193604', 37499, 'http://127.0.0.1:7000/zenos/110'),
(111, '10:21.4', 1525.113781, '0 days 00:33:25.038072781', 37500, 'http://127.0.0.1:7000/zenos/111'),
(112, '10:22.4', 1544.106925, '0 days 00:28:35.889991364', 37501, 'http://127.0.0.1:7000/zenos/112'),
(113, '10:23.4', 1566.593952, '0 days 00:32:49.614225306', 37502, 'http://127.0.0.1:7000/zenos/113'),
(114, '10:24.4', 1571.503765, '0 days 00:31:01.346733650', 37503, 'http://127.0.0.1:7000/zenos/114'),
(115, '10:25.4', 1559.045506, '0 days 00:30:11.659956281', 37504, 'http://127.0.0.1:7000/zenos/115'),
(116, '10:26.4', 1530.57014, '0 days 00:34:49.304053411', 37505, 'http://127.0.0.1:7000/zenos/116'),
(117, '10:27.4', 1544.918743, '0 days 00:25:05.481680304', 37506, 'http://127.0.0.1:7000/zenos/117'),
(118, '10:28.4', 1572.560664, '0 days 00:25:17.744151347', 37507, 'http://127.0.0.1:7000/zenos/118'),
(119, '10:29.4', 1529.835575, '0 days 00:31:21.944957191', 37508, 'http://127.0.0.1:7000/zenos/119'),
(120, '10:30.4', 1530.771891, '0 days 00:25:01.726104693', 37509, 'http://127.0.0.1:7000/zenos/120'),
(121, '10:31.4', 1541.826355, '0 days 00:30:33.399886027', 37510, 'http://127.0.0.1:7000/zenos/121'),
(122, '10:32.4', 1569.471444, '0 days 00:27:05.522090871', 37511, 'http://127.0.0.1:7000/zenos/122'),
(123, '10:33.4', 1527.168424, '0 days 00:31:04.186616970', 37512, 'http://127.0.0.1:7000/zenos/123'),
(124, '10:34.4', 1540.133457, '0 days 00:25:18.196157007', 37513, 'http://127.0.0.1:7000/zenos/124'),
(125, '10:35.4', 1525.087605, '0 days 00:32:21.751398332', 37514, 'http://127.0.0.1:7000/zenos/125'),
(126, '10:36.4', 1528.656812, '0 days 00:30:41.724071609', 37515, 'http://127.0.0.1:7000/zenos/126'),
(127, '10:37.4', 1558.395773, '0 days 00:29:53.436979899', 37516, 'http://127.0.0.1:7000/zenos/127'),
(128, '10:38.4', 1551.336146, '0 days 00:26:53.754591477', 37517, 'http://127.0.0.1:7000/zenos/128'),
(129, '10:39.4', 1533.432582, '0 days 00:31:21.335014534', 37518, 'http://127.0.0.1:7000/zenos/129'),
(130, '10:40.4', 1571.764556, '0 days 00:31:43.081381371', 37519, 'http://127.0.0.1:7000/zenos/130'),
(131, '10:41.4', 1554.810722, '0 days 00:29:04.829320496', 37520, 'http://127.0.0.1:7000/zenos/131'),
(132, '10:42.4', 1543.14739, '0 days 00:28:12.538029940', 37521, 'http://127.0.0.1:7000/zenos/132'),
(133, '10:43.4', 1542.613185, '0 days 00:34:28.106218530', 37522, 'http://127.0.0.1:7000/zenos/133'),
(134, '10:44.4', 1534.815278, '0 days 00:32:18.452378449', 37523, 'http://127.0.0.1:7000/zenos/134'),
(135, '10:45.4', 1545.447912, '0 days 00:34:50.695622713', 37524, 'http://127.0.0.1:7000/zenos/135'),
(136, '10:46.4', 1559.436944, '0 days 00:31:31.258749357', 37525, 'http://127.0.0.1:7000/zenos/136'),
(137, '10:47.4', 1560.852179, '0 days 00:26:08.219569959', 37526, 'http://127.0.0.1:7000/zenos/137'),
(138, '10:48.4', 1537.128047, '0 days 00:27:35.924574066', 37527, 'http://127.0.0.1:7000/zenos/138'),
(139, '10:49.4', 1556.277297, '0 days 00:34:10.153316250', 37528, 'http://127.0.0.1:7000/zenos/139'),
(140, '10:50.4', 1527.220483, '0 days 00:34:33.011537111', 37529, 'http://127.0.0.1:7000/zenos/140'),
(141, '10:51.4', 1526.692686, '0 days 00:31:24.007351896', 37530, 'http://127.0.0.1:7000/zenos/141'),
(142, '10:52.4', 1563.146738, '0 days 00:31:50.421787599', 37531, 'http://127.0.0.1:7000/zenos/142'),
(143, '10:53.4', 1532.88085, '0 days 00:26:21.243444642', 37532, 'http://127.0.0.1:7000/zenos/143'),
(144, '10:54.4', 1562.79941, '0 days 00:30:23.110447880', 37533, 'http://127.0.0.1:7000/zenos/144'),
(145, '10:55.4', 1550.61222, '0 days 00:31:14.246704742', 37534, 'http://127.0.0.1:7000/zenos/145'),
(146, '10:56.4', 1549.29411, '0 days 00:33:20.294564080', 37535, 'http://127.0.0.1:7000/zenos/146'),
(147, '10:57.4', 1571.92285, '0 days 00:30:46.976599129', 37536, 'http://127.0.0.1:7000/zenos/147'),
(148, '10:58.4', 1566.99926, '0 days 00:32:46.789926905', 37537, 'http://127.0.0.1:7000/zenos/148'),
(149, '10:59.4', 1560.775715, '0 days 00:32:35.044499902', 37538, 'http://127.0.0.1:7000/zenos/149'),
(150, '11:00.4', 1553.64708, '0 days 00:27:35.496028464', 37539, 'http://127.0.0.1:7000/zenos/150'),
(151, '11:01.4', 1547.800193, '0 days 00:33:34.277200830', 37540, 'http://127.0.0.1:7000/zenos/151'),
(152, '11:02.4', 1551.34195, '0 days 00:29:44.240093137', 37541, 'http://127.0.0.1:7000/zenos/152'),
(153, '11:03.4', 1544.488368, '0 days 00:26:23.237672847', 37542, 'http://127.0.0.1:7000/zenos/153'),
(154, '11:04.4', 1530.879016, '0 days 00:28:12.232297864', 37543, 'http://127.0.0.1:7000/zenos/154'),
(155, '11:05.4', 1541.621397, '0 days 00:33:31.628119303', 37544, 'http://127.0.0.1:7000/zenos/155'),
(156, '11:06.4', 1529.438604, '0 days 00:26:06.127197211', 37545, 'http://127.0.0.1:7000/zenos/156'),
(157, '11:07.4', 1559.890378, '0 days 00:30:03.182305523', 37546, 'http://127.0.0.1:7000/zenos/157'),
(158, '11:08.4', 1557.675347, '0 days 00:25:59.989217291', 37547, 'http://127.0.0.1:7000/zenos/158'),
(159, '11:09.4', 1559.176326, '0 days 00:34:18.671392122', 37548, 'http://127.0.0.1:7000/zenos/159'),
(160, '11:10.4', 1562.336982, '0 days 00:28:43.995476094', 37549, 'http://127.0.0.1:7000/zenos/160'),
(161, '11:11.4', 1543.819241, '0 days 00:34:27.111023352', 37550, 'http://127.0.0.1:7000/zenos/161'),
(162, '11:12.4', 1525.97374, '0 days 00:32:29.178835527', 37551, 'http://127.0.0.1:7000/zenos/162'),
(163, '11:13.4', 1526.037763, '0 days 00:25:09.444553016', 37552, 'http://127.0.0.1:7000/zenos/163'),
(164, '11:14.4', 1569.856807, '0 days 00:30:25.326138528', 37553, 'http://127.0.0.1:7000/zenos/164'),
(165, '11:15.4', 1526.953058, '0 days 00:28:05.431848014', 37554, 'http://127.0.0.1:7000/zenos/165'),
(166, '11:16.4', 1545.833913, '0 days 00:32:25.918284973', 37555, 'http://127.0.0.1:7000/zenos/166'),
(167, '11:17.4', 1564.567023, '0 days 00:28:57.955045910', 37556, 'http://127.0.0.1:7000/zenos/167'),
(168, '11:18.4', 1527.090381, '0 days 00:27:02.876930099', 37557, 'http://127.0.0.1:7000/zenos/168'),
(169, '11:19.4', 1540.055523, '0 days 00:33:25.506529410', 37558, 'http://127.0.0.1:7000/zenos/169'),
(170, '11:20.4', 1530.543659, '0 days 00:25:39.257401468', 37559, 'http://127.0.0.1:7000/zenos/170'),
(171, '11:21.4', 1568.107784, '0 days 00:31:20.011773747', 37560, 'http://127.0.0.1:7000/zenos/171'),
(172, '11:22.4', 1568.317212, '0 days 00:32:19.361038643', 37561, 'http://127.0.0.1:7000/zenos/172'),
(173, '11:23.4', 1529.664615, '0 days 00:26:33.248366339', 37562, 'http://127.0.0.1:7000/zenos/173'),
(174, '11:24.4', 1546.876434, '0 days 00:32:21.722428572', 37563, 'http://127.0.0.1:7000/zenos/174'),
(175, '11:25.4', 1538.220802, '0 days 00:29:20.563769754', 37564, 'http://127.0.0.1:7000/zenos/175'),
(176, '11:26.4', 1555.159117, '0 days 00:27:49.143140219', 37565, 'http://127.0.0.1:7000/zenos/176'),
(177, '11:27.4', 1550.581209, '0 days 00:30:00.446269443', 37566, 'http://127.0.0.1:7000/zenos/177'),
(178, '11:28.4', 1533.14177, '0 days 00:27:18.790807382', 37567, 'http://127.0.0.1:7000/zenos/178'),
(179, '11:29.4', 1550.298136, '0 days 00:34:13.027860567', 37568, 'http://127.0.0.1:7000/zenos/179'),
(180, '11:30.4', 1555.819884, '0 days 00:30:43.563765086', 37569, 'http://127.0.0.1:7000/zenos/180'),
(181, '11:31.4', 1544.847068, '0 days 00:25:22.308297504', 37570, 'http://127.0.0.1:7000/zenos/181'),
(182, '11:32.4', 1563.763475, '0 days 00:33:37.483814920', 37571, 'http://127.0.0.1:7000/zenos/182'),
(183, '11:33.4', 1548.359467, '0 days 00:34:52.026840719', 37572, 'http://127.0.0.1:7000/zenos/183'),
(184, '11:34.4', 1555.220368, '0 days 00:25:34.262875318', 37573, 'http://127.0.0.1:7000/zenos/184'),
(185, '11:35.4', 1535.387861, '0 days 00:29:42.419493072', 37574, 'http://127.0.0.1:7000/zenos/185'),
(186, '11:36.4', 1547.002158, '0 days 00:27:10.407197976', 37575, 'http://127.0.0.1:7000/zenos/186'),
(187, '11:37.4', 1568.758894, '0 days 00:32:50.868829633', 37576, 'http://127.0.0.1:7000/zenos/187'),
(188, '11:38.4', 1536.971678, '0 days 00:31:40.033625297', 37577, 'http://127.0.0.1:7000/zenos/188'),
(189, '11:39.4', 1531.538291, '0 days 00:27:36.205062413', 37578, 'http://127.0.0.1:7000/zenos/189'),
(190, '11:40.4', 1550.046139, '0 days 00:25:42.930043777', 37579, 'http://127.0.0.1:7000/zenos/190'),
(191, '11:41.4', 1573.531949, '0 days 00:26:05.555319969', 37580, 'http://127.0.0.1:7000/zenos/191'),
(192, '11:42.4', 1539.693809, '0 days 00:33:47.901747659', 37581, 'http://127.0.0.1:7000/zenos/192'),
(193, '11:43.4', 1555.250935, '0 days 00:25:03.443746819', 37582, 'http://127.0.0.1:7000/zenos/193'),
(194, '11:44.4', 1567.900763, '0 days 00:29:15.458219846', 37583, 'http://127.0.0.1:7000/zenos/194'),
(195, '11:45.4', 1568.265005, '0 days 00:25:47.135545879', 37584, 'http://127.0.0.1:7000/zenos/195'),
(196, '11:46.4', 1566.125953, '0 days 00:27:14.556993632', 37585, 'http://127.0.0.1:7000/zenos/196'),
(197, '11:47.4', 1571.504838, '0 days 00:26:22.442291463', 37586, 'http://127.0.0.1:7000/zenos/197'),
(198, '11:48.4', 1556.449717, '0 days 00:27:31.294643692', 37587, 'http://127.0.0.1:7000/zenos/198'),
(199, '11:49.4', 1573.979604, '0 days 00:26:18.263584726', 37588, 'http://127.0.0.1:7000/zenos/199'),
(200, '11:50.4', 1530.233731, '0 days 00:28:51.257165106', 37589, 'http://127.0.0.1:7000/zenos/200'),
(201, '11:51.4', 1540.168934, '0 days 00:27:11.701597809', 37590, 'http://127.0.0.1:7000/zenos/201'),
(202, '11:52.4', 1532.016426, '0 days 00:28:10.830479951', 37591, 'http://127.0.0.1:7000/zenos/202'),
(203, '11:53.4', 1552.538161, '0 days 00:27:34.069489117', 37592, 'http://127.0.0.1:7000/zenos/203'),
(204, '11:54.4', 1526.719841, '0 days 00:34:39.297757082', 37593, 'http://127.0.0.1:7000/zenos/204'),
(205, '11:55.4', 1556.453723, '0 days 00:33:14.394221937', 37594, 'http://127.0.0.1:7000/zenos/205'),
(206, '11:56.4', 1527.708546, '0 days 00:32:51.493662006', 37595, 'http://127.0.0.1:7000/zenos/206'),
(207, '11:57.4', 1551.079922, '0 days 00:32:54.717923998', 37596, 'http://127.0.0.1:7000/zenos/207'),
(208, '11:58.4', 1554.258223, '0 days 00:33:11.182548741', 37597, 'http://127.0.0.1:7000/zenos/208'),
(209, '11:59.4', 1574.640895, '0 days 00:27:25.441310126', 37598, 'http://127.0.0.1:7000/zenos/209'),
(210, '12:00.4', 1535.634762, '0 days 00:26:47.979437743', 37599, 'http://127.0.0.1:7000/zenos/210'),
(211, '12:01.4', 1527.393154, '0 days 00:29:01.243145429', 37600, 'http://127.0.0.1:7000/zenos/211'),
(212, '12:02.4', 1564.384794, '0 days 00:26:41.629882053', 37601, 'http://127.0.0.1:7000/zenos/212'),
(213, '12:03.4', 1532.351443, '0 days 00:25:31.027791519', 37602, 'http://127.0.0.1:7000/zenos/213'),
(214, '12:04.4', 1541.660411, '0 days 00:27:11.904408814', 37603, 'http://127.0.0.1:7000/zenos/214'),
(215, '12:05.4', 1541.394468, '0 days 00:31:32.959903261', 37604, 'http://127.0.0.1:7000/zenos/215'),
(216, '12:06.4', 1547.949496, '0 days 00:34:49.846179522', 37605, 'http://127.0.0.1:7000/zenos/216'),
(217, '12:07.4', 1536.819494, '0 days 00:31:34.603170539', 37606, 'http://127.0.0.1:7000/zenos/217'),
(218, '12:08.4', 1551.760435, '0 days 00:28:06.736186688', 37607, 'http://127.0.0.1:7000/zenos/218'),
(219, '12:09.4', 1549.542912, '0 days 00:32:59.093322157', 37608, 'http://127.0.0.1:7000/zenos/219'),
(220, '12:10.4', 1551.493911, '0 days 00:32:56.928196591', 37609, 'http://127.0.0.1:7000/zenos/220'),
(221, '12:11.4', 1569.763389, '0 days 00:31:50.881971336', 37610, 'http://127.0.0.1:7000/zenos/221'),
(222, '12:12.4', 1554.665978, '0 days 00:32:58.287538024', 37611, 'http://127.0.0.1:7000/zenos/222'),
(223, '12:13.4', 1566.934329, '0 days 00:33:20.470532021', 37612, 'http://127.0.0.1:7000/zenos/223'),
(224, '12:14.4', 1529.95779, '0 days 00:31:19.438427562', 37613, 'http://127.0.0.1:7000/zenos/224'),
(225, '12:15.4', 1538.613053, '0 days 00:33:08.186171172', 37614, 'http://127.0.0.1:7000/zenos/225'),
(226, '12:16.4', 1569.592469, '0 days 00:27:42.441952793', 37615, 'http://127.0.0.1:7000/zenos/226'),
(227, '12:17.4', 1543.521969, '0 days 00:27:21.286638442', 37616, 'http://127.0.0.1:7000/zenos/227'),
(228, '12:18.4', 1553.124857, '0 days 00:33:28.984227817', 37617, 'http://127.0.0.1:7000/zenos/228'),
(229, '12:19.4', 1566.004103, '0 days 00:26:24.037810515', 37618, 'http://127.0.0.1:7000/zenos/229'),
(230, '12:20.4', 1527.990197, '0 days 00:26:34.377736929', 37619, 'http://127.0.0.1:7000/zenos/230'),
(231, '12:21.4', 1532.198926, '0 days 00:27:49.816100505', 37620, 'http://127.0.0.1:7000/zenos/231'),
(232, '12:22.4', 1530.394135, '0 days 00:34:23.117001367', 37621, 'http://127.0.0.1:7000/zenos/232'),
(233, '12:23.4', 1563.960408, '0 days 00:29:21.368679043', 37622, 'http://127.0.0.1:7000/zenos/233'),
(234, '12:24.4', 1558.30438, '0 days 00:32:23.692122253', 37623, 'http://127.0.0.1:7000/zenos/234'),
(235, '12:25.4', 1568.570257, '0 days 00:30:46.546487928', 37624, 'http://127.0.0.1:7000/zenos/235'),
(236, '12:26.4', 1528.08282, '0 days 00:32:30.865313316', 37625, 'http://127.0.0.1:7000/zenos/236'),
(237, '12:27.4', 1569.183185, '0 days 00:28:53.906979698', 37626, 'http://127.0.0.1:7000/zenos/237'),
(238, '12:28.4', 1525.87718, '0 days 00:33:52.201308814', 37627, 'http://127.0.0.1:7000/zenos/238'),
(239, '12:29.4', 1539.933534, '0 days 00:25:25.447395192', 37628, 'http://127.0.0.1:7000/zenos/239'),
(240, '12:30.4', 1560.890749, '0 days 00:31:26.670114751', 37629, 'http://127.0.0.1:7000/zenos/240'),
(241, '12:31.4', 1537.683317, '0 days 00:33:39.154451546', 37630, 'http://127.0.0.1:7000/zenos/241'),
(242, '12:32.4', 1562.293267, '0 days 00:26:47.450522936', 37631, 'http://127.0.0.1:7000/zenos/242'),
(243, '12:33.4', 1567.214351, '0 days 00:33:28.055354876', 37632, 'http://127.0.0.1:7000/zenos/243'),
(244, '12:34.4', 1532.883842, '0 days 00:33:32.460767045', 37633, 'http://127.0.0.1:7000/zenos/244'),
(245, '12:35.4', 1557.78155, '0 days 00:31:00.284008570', 37634, 'http://127.0.0.1:7000/zenos/245'),
(246, '12:36.4', 1566.885172, '0 days 00:33:32.797735723', 37635, 'http://127.0.0.1:7000/zenos/246'),
(247, '12:37.4', 1528.569912, '0 days 00:27:20.448585794', 37636, 'http://127.0.0.1:7000/zenos/247'),
(248, '12:38.4', 1570.436, '0 days 00:29:39.647960122', 37637, 'http://127.0.0.1:7000/zenos/248'),
(249, '12:39.4', 1530.176645, '0 days 00:34:27.869022342', 37638, 'http://127.0.0.1:7000/zenos/249'),
(250, '12:40.4', 1562.203069, '0 days 00:34:13.544176881', 37639, 'http://127.0.0.1:7000/zenos/250'),
(251, '12:41.4', 1535.824758, '0 days 00:29:36.016278722', 37640, 'http://127.0.0.1:7000/zenos/251'),
(252, '12:42.4', 1571.344234, '0 days 00:29:37.743883032', 37641, 'http://127.0.0.1:7000/zenos/252'),
(253, '12:43.4', 1551.65262, '0 days 00:32:18.359444421', 37642, 'http://127.0.0.1:7000/zenos/253'),
(254, '12:44.4', 1528.564524, '0 days 00:34:00.294431431', 37643, 'http://127.0.0.1:7000/zenos/254'),
(255, '12:45.4', 1557.224208, '0 days 00:26:30.290124547', 37644, 'http://127.0.0.1:7000/zenos/255'),
(256, '12:46.4', 1556.038579, '0 days 00:29:54.811896111', 37645, 'http://127.0.0.1:7000/zenos/256'),
(257, '12:47.4', 1548.333007, '0 days 00:31:21.451510918', 37646, 'http://127.0.0.1:7000/zenos/257'),
(258, '12:48.4', 1551.37004, '0 days 00:26:10.773320519', 37647, 'http://127.0.0.1:7000/zenos/258'),
(259, '12:49.4', 1552.606938, '0 days 00:26:14.546999069', 37648, 'http://127.0.0.1:7000/zenos/259'),
(260, '12:50.4', 1533.713038, '0 days 00:25:01.738701711', 37649, 'http://127.0.0.1:7000/zenos/260'),
(261, '12:51.4', 1561.024957, '0 days 00:31:21.883642846', 37650, 'http://127.0.0.1:7000/zenos/261'),
(262, '12:52.4', 1568.37388, '0 days 00:32:02.793616169', 37651, 'http://127.0.0.1:7000/zenos/262'),
(263, '12:53.4', 1533.95405, '0 days 00:25:16.781477653', 37652, 'http://127.0.0.1:7000/zenos/263'),
(264, '12:54.4', 1545.377184, '0 days 00:31:57.752084981', 37653, 'http://127.0.0.1:7000/zenos/264'),
(265, '12:55.4', 1555.623081, '0 days 00:34:00.101285356', 37654, 'http://127.0.0.1:7000/zenos/265'),
(266, '12:56.4', 1530.338639, '0 days 00:28:20.101128972', 37655, 'http://127.0.0.1:7000/zenos/266'),
(267, '12:57.4', 1526.055841, '0 days 00:32:20.015095049', 37656, 'http://127.0.0.1:7000/zenos/267'),
(268, '12:58.4', 1565.677707, '0 days 00:27:26.259896640', 37657, 'http://127.0.0.1:7000/zenos/268'),
(269, '12:59.4', 1536.016376, '0 days 00:25:57.656164562', 37658, 'http://127.0.0.1:7000/zenos/269'),
(270, '13:00.4', 1544.602617, '0 days 00:30:35.723579230', 37659, 'http://127.0.0.1:7000/zenos/270'),
(271, '13:01.4', 1543.159152, '0 days 00:31:01.607051786', 37660, 'http://127.0.0.1:7000/zenos/271'),
(272, '13:02.4', 1538.905412, '0 days 00:29:24.283938725', 37661, 'http://127.0.0.1:7000/zenos/272'),
(273, '13:03.4', 1568.595731, '0 days 00:25:33.676642000', 37662, 'http://127.0.0.1:7000/zenos/273'),
(274, '13:04.4', 1557.942703, '0 days 00:25:41.138865771', 37663, 'http://127.0.0.1:7000/zenos/274'),
(275, '13:05.4', 1543.504517, '0 days 00:32:38.891309761', 37664, 'http://127.0.0.1:7000/zenos/275'),
(276, '13:06.4', 1560.367583, '0 days 00:33:34.293036232', 37665, 'http://127.0.0.1:7000/zenos/276'),
(277, '13:07.4', 1532.456734, '0 days 00:29:58.102958988', 37666, 'http://127.0.0.1:7000/zenos/277'),
(278, '13:08.4', 1543.641231, '0 days 00:30:26.941624922', 37667, 'http://127.0.0.1:7000/zenos/278'),
(279, '13:09.4', 1573.606912, '0 days 00:34:09.553616220', 37668, 'http://127.0.0.1:7000/zenos/279'),
(280, '13:10.4', 1549.131763, '0 days 00:26:15.719330222', 37669, 'http://127.0.0.1:7000/zenos/280'),
(281, '13:11.4', 1565.557547, '0 days 00:34:23.364022311', 37670, 'http://127.0.0.1:7000/zenos/281'),
(282, '13:12.4', 1540.348349, '0 days 00:31:19.944595679', 37671, 'http://127.0.0.1:7000/zenos/282'),
(283, '13:13.4', 1530.558379, '0 days 00:26:15.967767965', 37672, 'http://127.0.0.1:7000/zenos/283'),
(284, '13:14.4', 1567.431302, '0 days 00:30:39.471839991', 37673, 'http://127.0.0.1:7000/zenos/284'),
(285, '13:15.4', 1563.443813, '0 days 00:25:20.465797097', 37674, 'http://127.0.0.1:7000/zenos/285'),
(286, '13:16.4', 1567.673988, '0 days 00:26:45.380476122', 37675, 'http://127.0.0.1:7000/zenos/286'),
(287, '13:17.4', 1567.928725, '0 days 00:26:53.021609401', 37676, 'http://127.0.0.1:7000/zenos/287'),
(288, '13:18.4', 1533.183321, '0 days 00:27:38.699367062', 37677, 'http://127.0.0.1:7000/zenos/288'),
(289, '13:19.4', 1535.2277, '0 days 00:31:54.986345104', 37678, 'http://127.0.0.1:7000/zenos/289'),
(290, '13:20.4', 1527.713921, '0 days 00:28:11.005118646', 37679, 'http://127.0.0.1:7000/zenos/290'),
(291, '13:21.4', 1529.782115, '0 days 00:29:25.435276461', 37680, 'http://127.0.0.1:7000/zenos/291'),
(292, '13:22.4', 1561.210956, '0 days 00:25:12.124375402', 37681, 'http://127.0.0.1:7000/zenos/292'),
(293, '13:23.4', 1531.826257, '0 days 00:31:53.586417055', 37682, 'http://127.0.0.1:7000/zenos/293'),
(294, '13:24.4', 1565.289692, '0 days 00:32:18.247797341', 37683, 'http://127.0.0.1:7000/zenos/294'),
(295, '13:25.4', 1550.335004, '0 days 00:27:47.496612825', 37684, 'http://127.0.0.1:7000/zenos/295'),
(296, '13:26.4', 1574.182545, '0 days 00:25:47.766673037', 37685, 'http://127.0.0.1:7000/zenos/296'),
(297, '13:27.4', 1574.509077, '0 days 00:33:59.718711462', 37686, 'http://127.0.0.1:7000/zenos/297'),
(298, '13:28.4', 1526.053333, '0 days 00:26:53.947149099', 37687, 'http://127.0.0.1:7000/zenos/298'),
(299, '13:29.4', 1547.617859, '0 days 00:30:28.340585221', 37688, 'http://127.0.0.1:7000/zenos/299'),
(300, '13:30.4', 1550.234842, '0 days 00:29:42.220604112', 37689, 'http://127.0.0.1:7000/zenos/300'),
(301, '13:31.4', 1531.814113, '0 days 00:25:15.654050961', 37690, 'http://127.0.0.1:7000/zenos/301'),
(302, '13:32.4', 1540.085104, '0 days 00:25:13.951558507', 37691, 'http://127.0.0.1:7000/zenos/302'),
(303, '13:33.4', 1567.047422, '0 days 00:34:08.446347026', 37692, 'http://127.0.0.1:7000/zenos/303'),
(304, '13:34.4', 1560.579923, '0 days 00:32:00.511400908', 37693, 'http://127.0.0.1:7000/zenos/304'),
(305, '13:35.4', 1548.773409, '0 days 00:32:19.835124389', 37694, 'http://127.0.0.1:7000/zenos/305'),
(306, '13:36.4', 1526.330892, '0 days 00:33:35.363454645', 37695, 'http://127.0.0.1:7000/zenos/306'),
(307, '13:37.4', 1556.497859, '0 days 00:26:54.200730258', 37696, 'http://127.0.0.1:7000/zenos/307'),
(308, '13:38.4', 1555.764427, '0 days 00:31:54.678275355', 37697, 'http://127.0.0.1:7000/zenos/308'),
(309, '13:39.4', 1533.341237, '0 days 00:25:43.253470118', 37698, 'http://127.0.0.1:7000/zenos/309'),
(310, '13:40.4', 1573.280005, '0 days 00:26:15.233139069', 37699, 'http://127.0.0.1:7000/zenos/310'),
(311, '13:41.4', 1527.825657, '0 days 00:34:25.896765957', 37700, 'http://127.0.0.1:7000/zenos/311'),
(312, '13:42.4', 1569.701677, '0 days 00:29:05.330788075', 37701, 'http://127.0.0.1:7000/zenos/312'),
(313, '13:43.4', 1573.424821, '0 days 00:29:16.264626989', 37702, 'http://127.0.0.1:7000/zenos/313'),
(314, '13:44.4', 1527.852395, '0 days 00:32:51.304846028', 37703, 'http://127.0.0.1:7000/zenos/314'),
(315, '13:45.4', 1526.186991, '0 days 00:33:27.860686676', 37704, 'http://127.0.0.1:7000/zenos/315'),
(316, '13:46.4', 1556.252015, '0 days 00:25:20.872398390', 37705, 'http://127.0.0.1:7000/zenos/316'),
(317, '13:47.4', 1555.065027, '0 days 00:33:18.311863311', 37706, 'http://127.0.0.1:7000/zenos/317'),
(318, '13:48.4', 1572.925315, '0 days 00:25:09.511496460', 37707, 'http://127.0.0.1:7000/zenos/318'),
(319, '13:49.4', 1572.513531, '0 days 00:33:45.593888749', 37708, 'http://127.0.0.1:7000/zenos/319'),
(320, '13:50.4', 1548.982545, '0 days 00:34:16.395380056', 37709, 'http://127.0.0.1:7000/zenos/320'),
(321, '13:51.4', 1543.941794, '0 days 00:34:50.850638187', 37710, 'http://127.0.0.1:7000/zenos/321'),
(322, '13:52.4', 1569.082159, '0 days 00:34:27.687315055', 37711, 'http://127.0.0.1:7000/zenos/322'),
(323, '13:53.4', 1536.771276, '0 days 00:27:22.460557240', 37712, 'http://127.0.0.1:7000/zenos/323'),
(324, '13:54.4', 1527.544732, '0 days 00:25:52.776896490', 37713, 'http://127.0.0.1:7000/zenos/324'),
(325, '13:55.4', 1569.60254, '0 days 00:34:08.815994714', 37714, 'http://127.0.0.1:7000/zenos/325'),
(326, '13:56.4', 1558.498132, '0 days 00:30:00.974391911', 37715, 'http://127.0.0.1:7000/zenos/326'),
(327, '13:57.4', 1569.603187, '0 days 00:26:39.835973267', 37716, 'http://127.0.0.1:7000/zenos/327'),
(328, '13:58.4', 1571.407086, '0 days 00:31:44.559068320', 37717, 'http://127.0.0.1:7000/zenos/328'),
(329, '13:59.4', 1531.226515, '0 days 00:33:31.335439973', 37718, 'http://127.0.0.1:7000/zenos/329'),
(330, '14:00.4', 1555.165419, '0 days 00:26:22.110605824', 37719, 'http://127.0.0.1:7000/zenos/330'),
(331, '14:01.4', 1548.52289, '0 days 00:25:19.191680721', 37720, 'http://127.0.0.1:7000/zenos/331'),
(332, '14:02.4', 1529.015398, '0 days 00:30:47.125317172', 37721, 'http://127.0.0.1:7000/zenos/332'),
(333, '14:03.4', 1540.356297, '0 days 00:29:48.478515884', 37722, 'http://127.0.0.1:7000/zenos/333'),
(334, '14:04.4', 1571.977271, '0 days 00:34:49.462835926', 37723, 'http://127.0.0.1:7000/zenos/334'),
(335, '14:05.4', 1557.795158, '0 days 00:31:38.159900778', 37724, 'http://127.0.0.1:7000/zenos/335'),
(336, '14:06.4', 1535.159643, '0 days 00:32:25.048103490', 37725, 'http://127.0.0.1:7000/zenos/336'),
(337, '14:07.4', 1525.731766, '0 days 00:26:19.128152250', 37726, 'http://127.0.0.1:7000/zenos/337'),
(338, '14:08.4', 1554.329767, '0 days 00:34:31.218187244', 37727, 'http://127.0.0.1:7000/zenos/338'),
(339, '14:09.4', 1574.677192, '0 days 00:25:55.912623355', 37728, 'http://127.0.0.1:7000/zenos/339'),
(340, '14:10.4', 1533.941314, '0 days 00:25:14.607738839', 37729, 'http://127.0.0.1:7000/zenos/340'),
(341, '14:11.4', 1551.039459, '0 days 00:32:16.884935849', 37730, 'http://127.0.0.1:7000/zenos/341'),
(342, '14:12.4', 1549.359437, '0 days 00:31:20.412773600', 37731, 'http://127.0.0.1:7000/zenos/342'),
(343, '14:13.4', 1538.805748, '0 days 00:28:28.333857834', 37732, 'http://127.0.0.1:7000/zenos/343'),
(344, '14:14.4', 1542.001859, '0 days 00:34:58.732373983', 37733, 'http://127.0.0.1:7000/zenos/344'),
(345, '14:15.4', 1573.291198, '0 days 00:27:52.950150793', 37734, 'http://127.0.0.1:7000/zenos/345'),
(346, '14:16.4', 1551.260268, '0 days 00:33:46.033379111', 37735, 'http://127.0.0.1:7000/zenos/346'),
(347, '14:17.4', 1554.367806, '0 days 00:25:36.052094646', 37736, 'http://127.0.0.1:7000/zenos/347'),
(348, '14:18.4', 1549.545456, '0 days 00:32:34.665701705', 37737, 'http://127.0.0.1:7000/zenos/348'),
(349, '14:19.4', 1545.088347, '0 days 00:25:26.381550637', 37738, 'http://127.0.0.1:7000/zenos/349'),
(350, '14:20.4', 1546.556007, '0 days 00:33:23.230549765', 37739, 'http://127.0.0.1:7000/zenos/350'),
(351, '14:21.4', 1569.623701, '0 days 00:31:46.610921691', 37740, 'http://127.0.0.1:7000/zenos/351'),
(352, '14:22.4', 1553.962039, '0 days 00:26:12.349991905', 37741, 'http://127.0.0.1:7000/zenos/352'),
(353, '14:23.4', 1535.196272, '0 days 00:27:29.913957814', 37742, 'http://127.0.0.1:7000/zenos/353'),
(354, '14:24.4', 1528.423947, '0 days 00:33:59.558331422', 37743, 'http://127.0.0.1:7000/zenos/354'),
(355, '14:25.4', 1541.460681, '0 days 00:25:16.791052944', 37744, 'http://127.0.0.1:7000/zenos/355'),
(356, '14:26.4', 1571.77467, '0 days 00:30:14.288627014', 37745, 'http://127.0.0.1:7000/zenos/356'),
(357, '14:27.4', 1542.301126, '0 days 00:29:42.851491449', 37746, 'http://127.0.0.1:7000/zenos/357'),
(358, '14:28.4', 1562.291183, '0 days 00:26:27.326655619', 37747, 'http://127.0.0.1:7000/zenos/358'),
(359, '14:29.4', 1563.289867, '0 days 00:31:44.741809537', 37748, 'http://127.0.0.1:7000/zenos/359'),
(360, '14:30.4', 1542.179005, '0 days 00:34:51.579382598', 37749, 'http://127.0.0.1:7000/zenos/360'),
(361, '14:31.4', 1568.597392, '0 days 00:34:41.422180001', 37750, 'http://127.0.0.1:7000/zenos/361'),
(362, '14:32.4', 1539.243643, '0 days 00:30:28.469407801', 37751, 'http://127.0.0.1:7000/zenos/362'),
(363, '14:33.4', 1530.184796, '0 days 00:30:22.561757019', 37752, 'http://127.0.0.1:7000/zenos/363'),
(364, '14:34.4', 1570.000316, '0 days 00:27:14.669067947', 37753, 'http://127.0.0.1:7000/zenos/364'),
(365, '14:35.4', 1563.267907, '0 days 00:25:45.378162053', 37754, 'http://127.0.0.1:7000/zenos/365'),
(366, '14:36.4', 1573.99987, '0 days 00:27:33.339442776', 37755, 'http://127.0.0.1:7000/zenos/366'),
(367, '14:37.4', 1540.368322, '0 days 00:28:25.734954477', 37756, 'http://127.0.0.1:7000/zenos/367'),
(368, '14:38.4', 1550.675853, '0 days 00:32:18.556465014', 37757, 'http://127.0.0.1:7000/zenos/368'),
(369, '14:39.4', 1538.517619, '0 days 00:32:11.016078962', 37758, 'http://127.0.0.1:7000/zenos/369'),
(370, '14:40.4', 1549.351063, '0 days 00:32:32.065317705', 37759, 'http://127.0.0.1:7000/zenos/370'),
(371, '14:41.4', 1572.07723, '0 days 00:26:56.491910944', 37760, 'http://127.0.0.1:7000/zenos/371'),
(372, '14:42.4', 1538.276262, '0 days 00:32:47.467482126', 37761, 'http://127.0.0.1:7000/zenos/372'),
(373, '14:43.4', 1558.433258, '0 days 00:29:55.308224477', 37762, 'http://127.0.0.1:7000/zenos/373'),
(374, '14:44.4', 1573.535776, '0 days 00:29:29.099920601', 37763, 'http://127.0.0.1:7000/zenos/374'),
(375, '14:45.4', 1545.239246, '0 days 00:29:08.233930118', 37764, 'http://127.0.0.1:7000/zenos/375'),
(376, '14:46.4', 1565.617772, '0 days 00:28:34.016728112', 37765, 'http://127.0.0.1:7000/zenos/376'),
(377, '14:47.4', 1528.212821, '0 days 00:33:57.466752487', 37766, 'http://127.0.0.1:7000/zenos/377'),
(378, '14:48.4', 1537.525958, '0 days 00:34:13.687691062', 37767, 'http://127.0.0.1:7000/zenos/378'),
(379, '14:49.4', 1564.885484, '0 days 00:27:34.899489451', 37768, 'http://127.0.0.1:7000/zenos/379'),
(380, '14:50.4', 1561.099221, '0 days 00:34:34.788258869', 37769, 'http://127.0.0.1:7000/zenos/380'),
(381, '14:51.4', 1534.073142, '0 days 00:25:48.953405633', 37770, 'http://127.0.0.1:7000/zenos/381'),
(382, '14:52.4', 1537.08236, '0 days 00:32:35.227944777', 37771, 'http://127.0.0.1:7000/zenos/382'),
(383, '14:53.4', 1553.903739, '0 days 00:34:41.652444911', 37772, 'http://127.0.0.1:7000/zenos/383'),
(384, '14:54.4', 1530.30298, '0 days 00:28:02.146678904', 37773, 'http://127.0.0.1:7000/zenos/384'),
(385, '14:55.4', 1539.286838, '0 days 00:33:44.373141164', 37774, 'http://127.0.0.1:7000/zenos/385'),
(386, '14:56.4', 1573.29433, '0 days 00:28:59.602491973', 37775, 'http://127.0.0.1:7000/zenos/386'),
(387, '14:57.4', 1539.675843, '0 days 00:28:58.146152558', 37776, 'http://127.0.0.1:7000/zenos/387'),
(388, '14:58.4', 1552.333877, '0 days 00:29:33.234953945', 37777, 'http://127.0.0.1:7000/zenos/388'),
(389, '14:59.4', 1531.783551, '0 days 00:28:29.488662430', 37778, 'http://127.0.0.1:7000/zenos/389'),
(390, '15:00.4', 1554.911161, '0 days 00:26:32.677929888', 37779, 'http://127.0.0.1:7000/zenos/390'),
(391, '15:01.4', 1566.496479, '0 days 00:26:47.857507422', 37780, 'http://127.0.0.1:7000/zenos/391'),
(392, '15:02.4', 1535.720959, '0 days 00:27:59.345922733', 37781, 'http://127.0.0.1:7000/zenos/392'),
(393, '15:03.4', 1536.089282, '0 days 00:27:33.345394185', 37782, 'http://127.0.0.1:7000/zenos/393'),
(394, '15:04.4', 1528.820416, '0 days 00:28:01.207764522', 37783, 'http://127.0.0.1:7000/zenos/394'),
(395, '15:05.4', 1549.402024, '0 days 00:27:19.102359114', 37784, 'http://127.0.0.1:7000/zenos/395'),
(396, '15:06.4', 1526.226875, '0 days 00:30:20.722630513', 37785, 'http://127.0.0.1:7000/zenos/396'),
(397, '15:07.4', 1550.639319, '0 days 00:26:46.499501839', 37786, 'http://127.0.0.1:7000/zenos/397'),
(398, '15:08.4', 1570.042291, '0 days 00:26:08.814303115', 37787, 'http://127.0.0.1:7000/zenos/398'),
(399, '15:09.4', 1538.118607, '0 days 00:28:25.065851863', 37788, 'http://127.0.0.1:7000/zenos/399'),
(400, '15:10.4', 1562.624543, '0 days 00:30:40.719250061', 37789, 'http://127.0.0.1:7000/zenos/400'),
(401, '15:11.4', 1559.494289, '0 days 00:28:14.672543173', 37790, 'http://127.0.0.1:7000/zenos/401'),
(402, '15:12.4', 1562.096587, '0 days 00:29:59.092020924', 37791, 'http://127.0.0.1:7000/zenos/402'),
(403, '15:13.4', 1532.663683, '0 days 00:33:32.985600899', 37792, 'http://127.0.0.1:7000/zenos/403'),
(404, '15:14.4', 1555.140739, '0 days 00:30:59.871123127', 37793, 'http://127.0.0.1:7000/zenos/404'),
(405, '15:15.4', 1537.628756, '0 days 00:29:05.072263537', 37794, 'http://127.0.0.1:7000/zenos/405'),
(406, '15:16.4', 1552.735901, '0 days 00:30:20.427133720', 37795, 'http://127.0.0.1:7000/zenos/406'),
(407, '15:17.4', 1551.00189, '0 days 00:25:20.515468354', 37796, 'http://127.0.0.1:7000/zenos/407'),
(408, '15:18.4', 1533.021631, '0 days 00:30:18.071145288', 37797, 'http://127.0.0.1:7000/zenos/408'),
(409, '15:19.4', 1528.61678, '0 days 00:29:54.249290745', 37798, 'http://127.0.0.1:7000/zenos/409'),
(410, '15:20.4', 1534.120303, '0 days 00:31:34.873272319', 37799, 'http://127.0.0.1:7000/zenos/410'),
(411, '15:21.4', 1567.984391, '0 days 00:29:32.341525041', 37800, 'http://127.0.0.1:7000/zenos/411'),
(412, '15:22.4', 1533.028505, '0 days 00:32:59.724235464', 37801, 'http://127.0.0.1:7000/zenos/412'),
(413, '15:23.4', 1564.019316, '0 days 00:25:25.639334148', 37802, 'http://127.0.0.1:7000/zenos/413'),
(414, '15:24.4', 1540.384746, '0 days 00:34:52.787770321', 37803, 'http://127.0.0.1:7000/zenos/414'),
(415, '15:25.4', 1554.632216, '0 days 00:28:57.073181716', 37804, 'http://127.0.0.1:7000/zenos/415'),
(416, '15:26.4', 1566.315637, '0 days 00:27:16.556393259', 37805, 'http://127.0.0.1:7000/zenos/416'),
(417, '15:27.4', 1560.721434, '0 days 00:31:56.581199041', 37806, 'http://127.0.0.1:7000/zenos/417'),
(418, '15:28.4', 1563.347355, '0 days 00:32:32.777267317', 37807, 'http://127.0.0.1:7000/zenos/418'),
(419, '15:29.4', 1570.493903, '0 days 00:26:16.285903462', 37808, 'http://127.0.0.1:7000/zenos/419'),
(420, '15:30.4', 1573.062074, '0 days 00:26:59.948432338', 37809, 'http://127.0.0.1:7000/zenos/420'),
(421, '15:31.4', 1531.064889, '0 days 00:30:15.937439291', 37810, 'http://127.0.0.1:7000/zenos/421'),
(422, '15:32.4', 1545.609519, '0 days 00:34:30.546860316', 37811, 'http://127.0.0.1:7000/zenos/422'),
(423, '15:33.4', 1567.263346, '0 days 00:34:25.044467564', 37812, 'http://127.0.0.1:7000/zenos/423'),
(424, '15:34.4', 1570.161131, '0 days 00:25:33.148359399', 37813, 'http://127.0.0.1:7000/zenos/424'),
(425, '15:35.4', 1563.941971, '0 days 00:30:21.540402969', 37814, 'http://127.0.0.1:7000/zenos/425'),
(426, '15:36.4', 1558.558082, '0 days 00:26:54.358019101', 37815, 'http://127.0.0.1:7000/zenos/426'),
(427, '15:37.4', 1539.444475, '0 days 00:31:11.622051920', 37816, 'http://127.0.0.1:7000/zenos/427'),
(428, '15:38.4', 1562.548803, '0 days 00:34:10.295157911', 37817, 'http://127.0.0.1:7000/zenos/428'),
(429, '15:39.4', 1569.300205, '0 days 00:33:26.542214178', 37818, 'http://127.0.0.1:7000/zenos/429'),
(430, '15:40.4', 1540.454533, '0 days 00:29:15.148727472', 37819, 'http://127.0.0.1:7000/zenos/430'),
(431, '15:41.4', 1574.148865, '0 days 00:29:15.439836609', 37820, 'http://127.0.0.1:7000/zenos/431'),
(432, '15:42.4', 1558.013941, '0 days 00:31:54.908846879', 37821, 'http://127.0.0.1:7000/zenos/432'),
(433, '15:43.4', 1574.437346, '0 days 00:30:25.088177003', 37822, 'http://127.0.0.1:7000/zenos/433'),
(434, '15:44.4', 1540.373977, '0 days 00:31:28.768588374', 37823, 'http://127.0.0.1:7000/zenos/434'),
(435, '15:45.4', 1566.948146, '0 days 00:25:03.363101441', 37824, 'http://127.0.0.1:7000/zenos/435'),
(436, '15:46.4', 1538.726527, '0 days 00:31:24.404435758', 37825, 'http://127.0.0.1:7000/zenos/436'),
(437, '15:47.4', 1569.467334, '0 days 00:28:34.339352980', 37826, 'http://127.0.0.1:7000/zenos/437'),
(438, '15:48.4', 1540.304816, '0 days 00:27:02.276243285', 37827, 'http://127.0.0.1:7000/zenos/438'),
(439, '15:49.4', 1550.393908, '0 days 00:32:07.937730047', 37828, 'http://127.0.0.1:7000/zenos/439'),
(440, '15:50.4', 1566.618973, '0 days 00:28:04.202983951', 37829, 'http://127.0.0.1:7000/zenos/440'),
(441, '15:51.4', 1530.64297, '0 days 00:29:43.786560596', 37830, 'http://127.0.0.1:7000/zenos/441'),
(442, '15:52.4', 1571.17887, '0 days 00:27:27.694070775', 37831, 'http://127.0.0.1:7000/zenos/442'),
(443, '15:53.4', 1533.478733, '0 days 00:30:09.108427536', 37832, 'http://127.0.0.1:7000/zenos/443'),
(444, '15:54.4', 1525.123947, '0 days 00:27:42.252177865', 37833, 'http://127.0.0.1:7000/zenos/444'),
(445, '15:55.4', 1549.25701, '0 days 00:34:56.950783426', 37834, 'http://127.0.0.1:7000/zenos/445'),
(446, '15:56.4', 1570.886134, '0 days 00:34:53.212860152', 37835, 'http://127.0.0.1:7000/zenos/446'),
(447, '15:57.4', 1529.073498, '0 days 00:28:35.910014088', 37836, 'http://127.0.0.1:7000/zenos/447'),
(448, '15:58.4', 1530.208357, '0 days 00:27:46.418951472', 37837, 'http://127.0.0.1:7000/zenos/448'),
(449, '15:59.4', 1564.440922, '0 days 00:33:14.754569310', 37838, 'http://127.0.0.1:7000/zenos/449'),
(450, '16:00.4', 1533.01957, '0 days 00:32:01.574195249', 37839, 'http://127.0.0.1:7000/zenos/450'),
(451, '16:01.4', 1568.507517, '0 days 00:29:18.145187824', 37840, 'http://127.0.0.1:7000/zenos/451'),
(452, '16:02.4', 1552.936133, '0 days 00:29:18.685183804', 37841, 'http://127.0.0.1:7000/zenos/452'),
(453, '16:03.4', 1550.570608, '0 days 00:31:48.600756507', 37842, 'http://127.0.0.1:7000/zenos/453'),
(454, '16:04.4', 1531.894193, '0 days 00:32:36.830936191', 37843, 'http://127.0.0.1:7000/zenos/454'),
(455, '16:05.4', 1533.658388, '0 days 00:26:04.846937091', 37844, 'http://127.0.0.1:7000/zenos/455'),
(456, '16:06.4', 1537.061848, '0 days 00:31:55.628498890', 37845, 'http://127.0.0.1:7000/zenos/456'),
(457, '16:07.4', 1553.813841, '0 days 00:29:46.171168008', 37846, 'http://127.0.0.1:7000/zenos/457'),
(458, '16:08.4', 1570.417162, '0 days 00:29:32.407342257', 37847, 'http://127.0.0.1:7000/zenos/458'),
(459, '16:09.4', 1566.273825, '0 days 00:31:02.186596328', 37848, 'http://127.0.0.1:7000/zenos/459'),
(460, '16:10.4', 1549.876152, '0 days 00:27:06.127174564', 37849, 'http://127.0.0.1:7000/zenos/460'),
(461, '16:11.4', 1539.196222, '0 days 00:30:22.655668307', 37850, 'http://127.0.0.1:7000/zenos/461'),
(462, '16:12.4', 1539.617524, '0 days 00:26:37.540888648', 37851, 'http://127.0.0.1:7000/zenos/462'),
(463, '16:13.4', 1545.734371, '0 days 00:25:05.667458076', 37852, 'http://127.0.0.1:7000/zenos/463'),
(464, '16:14.4', 1527.168201, '0 days 00:31:32.651787552', 37853, 'http://127.0.0.1:7000/zenos/464'),
(465, '16:15.4', 1557.397334, '0 days 00:31:35.659267119', 37854, 'http://127.0.0.1:7000/zenos/465'),
(466, '16:16.4', 1530.737586, '0 days 00:34:28.209991170', 37855, 'http://127.0.0.1:7000/zenos/466'),
(467, '16:17.4', 1573.608156, '0 days 00:31:58.309513524', 37856, 'http://127.0.0.1:7000/zenos/467'),
(468, '16:18.4', 1550.86562, '0 days 00:26:03.812133375', 37857, 'http://127.0.0.1:7000/zenos/468'),
(469, '16:19.4', 1534.551544, '0 days 00:30:28.302849995', 37858, 'http://127.0.0.1:7000/zenos/469'),
(470, '16:20.4', 1547.855549, '0 days 00:28:41.201902634', 37859, 'http://127.0.0.1:7000/zenos/470'),
(471, '16:21.4', 1563.69479, '0 days 00:27:30.662186882', 37860, 'http://127.0.0.1:7000/zenos/471'),
(472, '16:22.4', 1570.911538, '0 days 00:34:22.337897433', 37861, 'http://127.0.0.1:7000/zenos/472'),
(473, '16:23.4', 1554.694633, '0 days 00:32:20.186171941', 37862, 'http://127.0.0.1:7000/zenos/473'),
(474, '16:24.4', 1568.260099, '0 days 00:25:42.875328051', 37863, 'http://127.0.0.1:7000/zenos/474'),
(475, '16:25.4', 1570.253905, '0 days 00:26:59.176647151', 37864, 'http://127.0.0.1:7000/zenos/475'),
(476, '16:26.4', 1565.17269, '0 days 00:31:03.650922704', 37865, 'http://127.0.0.1:7000/zenos/476'),
(477, '16:27.4', 1555.046287, '0 days 00:28:13.270336352', 37866, 'http://127.0.0.1:7000/zenos/477'),
(478, '16:28.4', 1560.234491, '0 days 00:29:52.317520392', 37867, 'http://127.0.0.1:7000/zenos/478'),
(479, '16:29.4', 1572.119544, '0 days 00:29:07.677974655', 37868, 'http://127.0.0.1:7000/zenos/479'),
(480, '16:30.4', 1571.733597, '0 days 00:32:02.997732331', 37869, 'http://127.0.0.1:7000/zenos/480'),
(481, '16:31.4', 1530.056021, '0 days 00:32:28.588241546', 37870, 'http://127.0.0.1:7000/zenos/481'),
(482, '16:32.4', 1535.435325, '0 days 00:34:04.594189787', 37871, 'http://127.0.0.1:7000/zenos/482'),
(483, '16:33.4', 1538.379106, '0 days 00:33:11.279037553', 37872, 'http://127.0.0.1:7000/zenos/483'),
(484, '16:34.4', 1562.59363, '0 days 00:32:04.530578428', 37873, 'http://127.0.0.1:7000/zenos/484'),
(485, '16:35.4', 1546.879967, '0 days 00:31:17.420693616', 37874, 'http://127.0.0.1:7000/zenos/485'),
(486, '16:36.4', 1559.398126, '0 days 00:31:23.981714685', 37875, 'http://127.0.0.1:7000/zenos/486'),
(487, '16:37.4', 1563.597266, '0 days 00:33:21.271761667', 37876, 'http://127.0.0.1:7000/zenos/487'),
(488, '16:38.4', 1556.10584, '0 days 00:34:59.607195084', 37877, 'http://127.0.0.1:7000/zenos/488'),
(489, '16:39.4', 1567.04354, '0 days 00:32:43.333109445', 37878, 'http://127.0.0.1:7000/zenos/489'),
(490, '16:40.4', 1562.475276, '0 days 00:30:58.589004567', 37879, 'http://127.0.0.1:7000/zenos/490'),
(491, '16:41.4', 1546.681418, '0 days 00:30:29.915850457', 37880, 'http://127.0.0.1:7000/zenos/491'),
(492, '16:42.4', 1559.974624, '0 days 00:30:34.600724788', 37881, 'http://127.0.0.1:7000/zenos/492'),
(493, '16:43.4', 1532.038156, '0 days 00:26:32.840281364', 37882, 'http://127.0.0.1:7000/zenos/493'),
(494, '16:44.4', 1551.095615, '0 days 00:32:07.942164359', 37883, 'http://127.0.0.1:7000/zenos/494'),
(495, '16:45.4', 1533.130508, '0 days 00:33:54.240091506', 37884, 'http://127.0.0.1:7000/zenos/495'),
(496, '16:46.4', 1539.843963, '0 days 00:34:05.039609628', 37885, 'http://127.0.0.1:7000/zenos/496'),
(497, '16:47.4', 1538.667247, '0 days 00:25:53.175931519', 37886, 'http://127.0.0.1:7000/zenos/497'),
(498, '16:48.4', 1545.951264, '0 days 00:28:38.826566817', 37887, 'http://127.0.0.1:7000/zenos/498'),
(499, '16:49.4', 1550.16315, '0 days 00:26:33.225554833', 37888, 'http://127.0.0.1:7000/zenos/499'),
(500, '16:50.4', 1545.705163, '0 days 00:31:21.562992235', 37889, 'http://127.0.0.1:7000/zenos/500');

--
-- Indexes for dumped tables
--

--
-- Indexes for table `auth_group`
--
ALTER TABLE `auth_group`
  ADD PRIMARY KEY (`id`),
  ADD UNIQUE KEY `name` (`name`);

--
-- Indexes for table `auth_group_permissions`
--
ALTER TABLE `auth_group_permissions`
  ADD PRIMARY KEY (`id`),
  ADD UNIQUE KEY `auth_group_permissions_group_id_0cd325b0_uniq` (`group_id`,`permission_id`),
  ADD KEY `auth_group_permissi_permission_id_84c5c92e_fk_auth_permission_id` (`permission_id`);

--
-- Indexes for table `auth_permission`
--
ALTER TABLE `auth_permission`
  ADD PRIMARY KEY (`id`),
  ADD UNIQUE KEY `auth_permission_content_type_id_01ab375a_uniq` (`content_type_id`,`codename`);

--
-- Indexes for table `auth_user`
--
ALTER TABLE `auth_user`
  ADD PRIMARY KEY (`id`),
  ADD UNIQUE KEY `username` (`username`);

--
-- Indexes for table `auth_user_groups`
--
ALTER TABLE `auth_user_groups`
  ADD PRIMARY KEY (`id`),
  ADD UNIQUE KEY `auth_user_groups_user_id_94350c0c_uniq` (`user_id`,`group_id`),
  ADD KEY `auth_user_groups_group_id_97559544_fk_auth_group_id` (`group_id`);

--
-- Indexes for table `auth_user_user_permissions`
--
ALTER TABLE `auth_user_user_permissions`
  ADD PRIMARY KEY (`id`),
  ADD UNIQUE KEY `auth_user_user_permissions_user_id_14a6b632_uniq` (`user_id`,`permission_id`),
  ADD KEY `auth_user_user_perm_permission_id_1fbb5f2c_fk_auth_permission_id` (`permission_id`);

--
-- Indexes for table `django_admin_log`
--
ALTER TABLE `django_admin_log`
  ADD PRIMARY KEY (`id`),
  ADD KEY `django_admin__content_type_id_c4bce8eb_fk_django_content_type_id` (`content_type_id`),
  ADD KEY `django_admin_log_user_id_c564eba6_fk_auth_user_id` (`user_id`);

--
-- Indexes for table `django_content_type`
--
ALTER TABLE `django_content_type`
  ADD PRIMARY KEY (`id`),
  ADD UNIQUE KEY `django_content_type_app_label_76bd3d3b_uniq` (`app_label`,`model`);

--
-- Indexes for table `django_migrations`
--
ALTER TABLE `django_migrations`
  ADD PRIMARY KEY (`id`);

--
-- Indexes for table `django_session`
--
ALTER TABLE `django_session`
  ADD PRIMARY KEY (`session_key`),
  ADD KEY `django_session_de54fa62` (`expire_date`);

--
-- Indexes for table `zeno_zenoitem`
--
ALTER TABLE `zeno_zenoitem`
  ADD PRIMARY KEY (`id`);

--
-- AUTO_INCREMENT for dumped tables
--

--
-- AUTO_INCREMENT for table `auth_group`
--
ALTER TABLE `auth_group`
  MODIFY `id` int(11) NOT NULL AUTO_INCREMENT;

--
-- AUTO_INCREMENT for table `auth_group_permissions`
--
ALTER TABLE `auth_group_permissions`
  MODIFY `id` int(11) NOT NULL AUTO_INCREMENT;

--
-- AUTO_INCREMENT for table `auth_permission`
--
ALTER TABLE `auth_permission`
  MODIFY `id` int(11) NOT NULL AUTO_INCREMENT, AUTO_INCREMENT=25;

--
-- AUTO_INCREMENT for table `auth_user`
--
ALTER TABLE `auth_user`
  MODIFY `id` int(11) NOT NULL AUTO_INCREMENT;

--
-- AUTO_INCREMENT for table `auth_user_groups`
--
ALTER TABLE `auth_user_groups`
  MODIFY `id` int(11) NOT NULL AUTO_INCREMENT;

--
-- AUTO_INCREMENT for table `auth_user_user_permissions`
--
ALTER TABLE `auth_user_user_permissions`
  MODIFY `id` int(11) NOT NULL AUTO_INCREMENT;

--
-- AUTO_INCREMENT for table `django_admin_log`
--
ALTER TABLE `django_admin_log`
  MODIFY `id` int(11) NOT NULL AUTO_INCREMENT;

--
-- AUTO_INCREMENT for table `django_content_type`
--
ALTER TABLE `django_content_type`
  MODIFY `id` int(11) NOT NULL AUTO_INCREMENT, AUTO_INCREMENT=9;

--
-- AUTO_INCREMENT for table `django_migrations`
--
ALTER TABLE `django_migrations`
  MODIFY `id` int(11) NOT NULL AUTO_INCREMENT, AUTO_INCREMENT=18;

--
-- AUTO_INCREMENT for table `zeno_zenoitem`
--
ALTER TABLE `zeno_zenoitem`
  MODIFY `id` int(11) NOT NULL AUTO_INCREMENT, AUTO_INCREMENT=501;

--
-- Constraints for dumped tables
--

--
-- Constraints for table `auth_group_permissions`
--
ALTER TABLE `auth_group_permissions`
  ADD CONSTRAINT `auth_group_permissi_permission_id_84c5c92e_fk_auth_permission_id` FOREIGN KEY (`permission_id`) REFERENCES `auth_permission` (`id`),
  ADD CONSTRAINT `auth_group_permissions_group_id_b120cbf9_fk_auth_group_id` FOREIGN KEY (`group_id`) REFERENCES `auth_group` (`id`);

--
-- Constraints for table `auth_permission`
--
ALTER TABLE `auth_permission`
  ADD CONSTRAINT `auth_permissi_content_type_id_2f476e4b_fk_django_content_type_id` FOREIGN KEY (`content_type_id`) REFERENCES `django_content_type` (`id`);

--
-- Constraints for table `auth_user_groups`
--
ALTER TABLE `auth_user_groups`
  ADD CONSTRAINT `auth_user_groups_group_id_97559544_fk_auth_group_id` FOREIGN KEY (`group_id`) REFERENCES `auth_group` (`id`),
  ADD CONSTRAINT `auth_user_groups_user_id_6a12ed8b_fk_auth_user_id` FOREIGN KEY (`user_id`) REFERENCES `auth_user` (`id`);

--
-- Constraints for table `auth_user_user_permissions`
--
ALTER TABLE `auth_user_user_permissions`
  ADD CONSTRAINT `auth_user_user_perm_permission_id_1fbb5f2c_fk_auth_permission_id` FOREIGN KEY (`permission_id`) REFERENCES `auth_permission` (`id`),
  ADD CONSTRAINT `auth_user_user_permissions_user_id_a95ead1b_fk_auth_user_id` FOREIGN KEY (`user_id`) REFERENCES `auth_user` (`id`);

--
-- Constraints for table `django_admin_log`
--
ALTER TABLE `django_admin_log`
  ADD CONSTRAINT `django_admin__content_type_id_c4bce8eb_fk_django_content_type_id` FOREIGN KEY (`content_type_id`) REFERENCES `django_content_type` (`id`),
  ADD CONSTRAINT `django_admin_log_user_id_c564eba6_fk_auth_user_id` FOREIGN KEY (`user_id`) REFERENCES `auth_user` (`id`);
COMMIT;

/*!40101 SET CHARACTER_SET_CLIENT=@OLD_CHARACTER_SET_CLIENT */;
/*!40101 SET CHARACTER_SET_RESULTS=@OLD_CHARACTER_SET_RESULTS */;
/*!40101 SET COLLATION_CONNECTION=@OLD_COLLATION_CONNECTION */;
